{
  "groups": [
    {
      "name": "author",
      "type": "com.example.springboot.author",
      "sourceType": "com.example.springboot.author"
    },
    {
      "name": "management.endpoint.database",
      "type": "com.example.springboot.actutor.DatabaseEndpoint",
      "sourceType": "com.example.springboot.actutor.DatabaseEndpoint"
    }
  ],
  "properties": [
    {
      "name": "author.name",
      "type": "java.lang.String",
      "sourceType": "com.example.springboot.author"
    },
    {
      "name": "management.endpoint.database.cache.time-to-live",
      "type": "java.time.Duration",
      "description": "Maximum time that a response can be cached.",
      "sourceType": "com.example.springboot.actutor.DatabaseEndpoint",
      "defaultValue": "0ms"
    },
    {
      "name": "management.endpoint.database.enabled",
      "type": "java.lang.Boolean",
      "description": "Whether to enable the database endpoint.",
      "sourceType": "com.example.springboot.actutor.DatabaseEndpoint",
      "defaultValue": true
    }
  ],
  "hints": []
}