<?xml version="1.0" encoding="UTF-8" ?>
<!DOCTYPE mapper
        PUBLIC "-//mybatis.org//DTD Mapper 3.0//EN"
        "http://mybatis.org/dtd/mybatis-3-mapper.dtd">
<mapper namespace="com.example.springboot.dao.CommentMapper">

    <sql id="selectFields">
        id, user_id, entity_type, entity_id, target_id, content, status, create_time
    </sql>

    <sql id="insertFields">
        id, user_id, entity_type, entity_id, target_id, content, status, create_time
    </sql>

    <select id="selectCommentsByEntity" resultType="Comment">
        select <include refid="selectFields"></include>
        from software_comment
        where status = 0
        and entity_type = #{entityType}
        and entity_id = #{entityId}
        order by create_time asc
        limit #{offset}, #{limit}
    </select>

    <select id="selectCountByEntity" resultType="int">
        select count(id)
        from software_comment
        where status = 0
        and entity_type = #{entityType}
        and entity_id = #{entityId}
    </select>

    <insert id="insertComment" parameterType="Comment">
        insert into software_comment(<include refid="insertFields"></include>)
        values(#{id},#{userId},#{entityType},#{entityId},#{targetId},#{content},#{status},#{createTime})
    </insert>

    <select id="selectCommentById" resultType="Comment">
        select <include refid="selectFields"></include>
        from software_comment
        where id = #{id}
    </select>


</mapper>