<?xml version="1.0" encoding="UTF-8" ?>
<!DOCTYPE mapper
        PUBLIC "-//mybatis.org//DTD Mapper 3.0//EN"
        "http://mybatis.org/dtd/mybatis-3-mapper.dtd">
<mapper namespace="com.example.springboot.dao.DiscussPostMapper">

    <sql id="selectFields">
        id, user_id, title, content, type, status, create_time, comment_count, score
    </sql>

    <sql id="insertFields">
        id, user_id, title, content, type, status, create_time, comment_count, score
    </sql>

    <select id="selectDiscussPosts" resultType="DiscussPost">
        select <include refid="selectFields"></include>
        from software_discuss_post
        where status != 2
        <if test="userId!=0">
            and user_id = #{userId}
        </if>
<!--        <if test="orderMode==0">-->
<!--            order by type desc, create_time desc-->
<!--        </if>-->
<!--        <if test="orderMode==1">-->
<!--            order by type desc, score desc, create_time desc-->
<!--        </if>-->
        limit #{offset}, #{limit}
    </select>

    <select id="selectDiscussPostRows" parameterType="int" resultType="int">
        select count(id)
        from software_discuss_post
        where status != 2
        <if test="userId!=0">
            and user_id = #{userId}
        </if>
    </select>

    <insert id="insertDiscussPost" parameterType="DiscussPost" keyProperty="id">
        insert into software_discuss_post(<include refid="insertFields"></include>)
        values(#{id},#{userId},#{title},#{content},#{type},#{status},#{createTime},#{commentCount},#{score})
    </insert>

    <select id="selectDiscussPostById" resultType="DiscussPost">
        select <include refid="selectFields"></include>
        from software_discuss_post
        where id = #{id}
    </select>

    <update id="updateCommentCount">
        update software_discuss_post set comment_count = #{commentCount} where id = #{id}
    </update>

    <update id="updateType">
        update software_discuss_post set type = #{type} where id = #{id}
    </update>

    <update id="updateStatus">
        update software_discuss_post set status = #{status} where id = #{id}
    </update>

    <update id="updateScore">
        update software_discuss_post set score = #{score} where id = #{id}
    </update>


</mapper>