<?xml version="1.0" encoding="UTF-8" ?>
<!DOCTYPE mapper
        PUBLIC "-//mybatis.org//DTD Mapper 3.0//EN"
        "http://mybatis.org/dtd/mybatis-3-mapper.dtd">
<mapper namespace="com.example.springboot.dao.LawMapper">

  <sql id="insertFields">
        id, law_term, law_type, score, keyword
    </sql>

  <sql id="selectFields">
        id, law_term, law_type, score
    </sql>

  <select id="selectByScore" resultType="Law">
    select <include refid="selectFields"></include>
    from law_terms
    where score = #{score}
  </select>

  <select id="selectLaws" resultType="Law">
    select <include refid="selectFields"></include>
    from law_terms
    where score = #{score}
    limit #{offset}, #{limit}
  </select>

  <select id="selectLawRows" parameterType="int" resultType="int">
    select count(id)
    from law_terms
    where score = #{score}
  </select>

  <select id="selectLawById" resultType="Law">
    select <include refid="selectFields"></include>
    from law_terms
    where id = #{id}
  </select>


</mapper>
