<?xml version="1.0" encoding="UTF-8" ?>
<!DOCTYPE mapper
        PUBLIC "-//mybatis.org//DTD Mapper 3.0//EN"
        "http://mybatis.org/dtd/mybatis-3-mapper.dtd">
<mapper namespace="com.example.springboot.dao.UserMapper">

    <sql id="insertFields">
        id, username, password, salt, email, type, status, activation_code, header_url, create_time
    </sql>

    <sql id="selectFields">
        id, username, password, salt, email, type, status, activation_code, header_url, create_time
    </sql>

    <select id="selectById" resultType="User">
        select <include refid="selectFields"></include>
        from software_user
        where id = #{id}
    </select>

    <select id="selectByName" resultType="User">
        select <include refid="selectFields"></include>
        from software_user
        where username = #{username}
    </select>

    <select id="selectByEmail" resultType="User">
        select <include refid="selectFields"></include>
        from software_user
        where email = #{email}
    </select>

    <insert id="insertUser" parameterType="User" keyProperty="id">
        insert into software_user (<include refid="insertFields"></include>)
        values(#{id}, #{username}, #{password}, #{salt}, #{email}, #{type}, #{status}, #{activationCode}, #{headerUrl}, #{createTime})
    </insert>

    <update id="updateStatus">
        update software_user set status = #{status} where id = #{id}
    </update>

    <update id="updateHeader">
        update software_user set header_url = #{headerUrl} where id = #{id}
    </update>

    <update id="updatePassword">
        update software_user set password = #{password} where id = #{id}
    </update>

</mapper>